01/02/2010 10:59:29,PC-3778,C:\JPH1910\VCW0EDRC.doc,File Open,False,False
01/07/2010 10:47:02,PC-3778,R:\45ZpXY0\14MV2VFK.pdf,File Delete,False,True
01/07/2010 15:47:01,PC-3778,R:\45ZpXY0\2NN067KE.doc,File Copy,False,True
01/12/2010 12:03:31,PC-3778,R:\JPH1910\E4F26LIM.jpg,File Open,False,True
01/13/2010 14:23:11,PC-3778,C:\18yrhD0\XUZRTHT9.pdf,File Open,False,False
01/13/2010 16:24:53,PC-3778,R:\45ZpXY0\ID4H5NUN.doc,File Open,False,True
01/13/2010 16:35:30,PC-3778,R:\DIHUXT81.doc,File Copy,False,True
01/13/2010 16:59:14,PC-3778,R:\DIHUXT81.doc,File Copy,False,True
01/13/2010 17:20:53,PC-3778,R:\45ZpXY0\CS3N8AUV.doc,File Copy,True,False
01/14/2010 11:13:29,PC-3778,R:\45ZpXY0\CS3N8AUV.doc,File Delete,False,True
01/14/2010 11:18:30,PC-3778,R:\YV9YSER5.doc,File Copy,True,False
01/14/2010 13:49:46,PC-3778,R:\45ZpXY0\MS8STBYV.zip,File Open,False,True
01/14/2010 16:46:33,PC-3778,C:\18yrhD0\JYR0SQOT.doc,File Open,False,False
01/14/2010 17:41:51,PC-3778,R:\JIU729IJ.doc,File Copy,True,False
01/14/2010 17:51:55,PC-3778,C:\18yrhD0\SY56WWX8.doc,File Open,False,False
01/14/2010 18:07:10,PC-3778,C:\S9775IUX.jpg,File Open,False,False
01/15/2010 14:32:27,PC-3778,R:\JIU729IJ.doc,File Delete,False,True
01/15/2010 14:49:28,PC-3778,R:\45ZpXY0\OOBG0BMZ.doc,File Delete,False,True
01/15/2010 18:46:24,PC-3778,R:\45ZpXY0\1RGT4F94.pdf,File Copy,False,True
01/15/2010 18:46:59,PC-3778,R:\45ZpXY0\1RGT4F94.pdf,File Write,True,False
01/18/2010 11:14:19,PC-3778,R:\45ZpXY0\XWOL4DGJ.jpg,File Open,False,True
01/18/2010 15:43:10,PC-3778,R:\JPH1910\O2G8FHWV.doc,File Delete,False,True
01/18/2010 18:10:14,PC-3778,R:\45ZpXY0\AT5RT246.doc,File Open,False,True
01/20/2010 10:21:15,PC-3778,R:\45ZpXY0\OBJ5N5ZW.pdf,File Copy,True,False
01/20/2010 10:26:05,PC-3778,R:\45ZpXY0\OBJ5N5ZW.pdf,File Copy,False,True
01/20/2010 10:27:35,PC-3778,C:\JPH1910\MMAHJCMW.doc,File Open,False,False
01/21/2010 15:00:26,PC-3778,C:\JPH1910\FA7U0D0F.txt,File Open,False,False
01/21/2010 15:46:02,PC-3778,C:\JPH1910\VCW0EDRC.doc,File Open,False,False
01/22/2010 12:15:02,PC-3778,R:\OBJ5N5ZW.pdf,File Copy,True,False
01/22/2010 12:18:10,PC-3778,R:\45ZpXY0\OBJ5N5ZW.pdf,File Copy,True,False
01/22/2010 12:18:21,PC-3778,R:\45ZpXY0\OBJ5N5ZW.pdf,File Copy,False,True
01/22/2010 15:29:12,PC-3778,C:\JPH1910\VCW0EDRC.doc,File Open,False,False
01/22/2010 16:37:55,PC-3778,R:\OBJ5N5ZW.pdf,File Copy,False,True
01/25/2010 10:03:22,PC-3778,R:\2NN067KE.doc,File Copy,True,False
01/25/2010 10:07:03,PC-3778,R:\JPH1910\YV9YSER5.doc,File Copy,True,False
01/26/2010 09:26:06,PC-3778,R:\4RCY8R8A.pdf,File Copy,True,False
01/26/2010 09:26:12,PC-3778,C:\JPH1910\FA7U0D0F.txt,File Open,False,False
01/26/2010 16:08:16,PC-3778,R:\RQS183YH.doc,File Copy,True,False
01/26/2010 16:08:18,PC-3778,R:\JPH1910\4RCY8R8A.pdf,File Copy,True,False
01/28/2010 10:33:45,PC-3778,C:\KGK8L3JM.doc,File Open,False,False
01/28/2010 10:34:26,PC-3778,R:\45ZpXY0\2NN067KE.doc,File Copy,True,False
01/28/2010 10:36:11,PC-3778,R:\45ZpXY0\2NN067KE.doc,File Write,True,False
01/29/2010 13:42:00,PC-3778,C:\JPH1910\FA7U0D0F.txt,File Open,False,False
01/30/2010 12:49:52,PC-3778,C:\JPH1910\FA7U0D0F.txt,File Open,False,False
01/30/2010 13:41:46,PC-3778,C:\JPH1910\VCW0EDRC.doc,File Open,False,False
01/30/2010 13:41:46,PC-3778,C:\JPH1910\FA7U0D0F.txt,File Open,False,False
02/01/2010 10:07:36,PC-3778,R:\45ZpXY0\8UVZDIGH.doc,File Copy,False,True
02/01/2010 10:08:03,PC-3778,R:\45ZpXY0\8UVZDIGH.doc,File Open,False,True
02/01/2010 10:30:50,PC-3778,C:\18yrhD0\LBDHPLJE.doc,File Open,False,False
02/01/2010 10:35:26,PC-3778,R:\45ZpXY0\8UVZDIGH.doc,File Delete,False,True
02/01/2010 10:38:03,PC-3778,R:\96Y6QNS6.doc,File Delete,False,True
02/01/2010 12:58:12,PC-3778,C:\S9775IUX.jpg,File Open,False,False
02/02/2010 10:56:52,PC-3778,C:\S9775IUX.jpg,File Open,False,False
02/03/2010 11:56:05,PC-3778,C:\18yrhD0\XUZRTHT9.pdf,File Open,False,False
02/03/2010 11:56:29,PC-3778,R:\JPH1910\6BSWQVIR.doc,File Delete,False,True
02/03/2010 11:57:15,PC-3778,R:\45ZpXY0\Y6B3ABU2.doc,File Open,False,True
02/03/2010 11:57:28,PC-3778,R:\45ZpXY0\Y6B3ABU2.doc,File Copy,False,True
02/03/2010 11:57:57,PC-3778,R:\45ZpXY0\0SCAJA6Q.doc,File Copy,True,False
02/03/2010 18:18:00,PC-3778,C:\JPH1910\VCW0EDRC.doc,File Open,False,False
02/06/2010 10:15:44,PC-3778,R:\JPH1910\FKJBVCPU.doc,File Delete,False,True
02/10/2010 16:11:48,PC-3778,C:\KGK8L3JM.doc,File Open,False,False
02/10/2010 16:12:47,PC-3778,R:\45ZpXY0\TJDDITYB.doc,File Write,True,False
02/10/2010 16:13:33,PC-3778,R:\45ZpXY0\TJDDITYB.doc,File Copy,False,True
02/10/2010 16:13:54,PC-3778,R:\45ZpXY0\TJDDITYB.doc,File Copy,False,True
02/10/2010 16:16:24,PC-3778,R:\45ZpXY0\TJDDITYB.doc,File Open,False,True
02/11/2010 09:39:00,PC-3778,R:\JPH1910\OBJ5N5ZW.pdf,File Copy,True,False
02/11/2010 09:40:44,PC-3778,R:\JPH1910\OBJ5N5ZW.pdf,File Copy,True,False
02/15/2010 17:02:37,PC-3778,C:\JPH1910\VCW0EDRC.doc,File Open,False,False
02/16/2010 11:39:11,PC-3778,R:\JPH1910\GE1Y1ADT.doc,File Open,False,True
02/16/2010 11:45:28,PC-3778,R:\JPH1910\GE1Y1ADT.doc,File Open,False,True
02/16/2010 16:22:38,PC-3778,R:\JPH1910\DH9IGGWN.doc,File Delete,False,True
02/16/2010 16:25:52,PC-3778,R:\45ZpXY0\5GBK4LCJ.doc,File Open,False,True
02/19/2010 11:51:15,PC-3778,R:\JPH1910\KZ5WY7KI.zip,File Delete,False,True
02/21/2010 16:56:06,PC-3778,R:\D3CEDH0K.txt,File Delete,False,True
02/21/2010 17:17:12,PC-3778,R:\JPH1910\9BL3MN0D.doc,File Delete,False,True
02/22/2010 09:31:21,PC-3778,R:\USIP1ULL.zip,File Open,False,True
02/22/2010 10:14:28,PC-3778,R:\45ZpXY0\MA6DCWUL.pdf,File Copy,True,False
02/22/2010 10:53:28,PC-3778,R:\USIP1ULL.zip,File Delete,False,True
02/24/2010 16:48:19,PC-3778,R:\2NN067KE.doc,File Copy,True,False
02/24/2010 16:49:25,PC-3778,R:\2NN067KE.doc,File Delete,False,True
02/24/2010 16:51:26,PC-3778,R:\45ZpXY0\MAXKJZDB.doc,File Copy,True,False
02/24/2010 17:00:14,PC-3778,R:\45ZpXY0\MAXKJZDB.doc,File Delete,False,True
02/24/2010 17:00:56,PC-3778,R:\45ZpXY0\0VGA105H.doc,File Delete,False,True
03/01/2010 11:04:01,PC-3778,R:\JIU729IJ.doc,File Copy,True,False
03/01/2010 18:38:39,PC-3778,R:\7SCZYFOJ.doc,File Delete,False,True
03/01/2010 18:49:32,PC-3778,R:\KRJWCWQ3.doc,File Delete,False,True
03/01/2010 19:02:02,PC-3778,R:\W9PSQW6R.doc,File Delete,False,True
03/02/2010 16:14:23,PC-3778,R:\JPH1910\WOC6ZEE9.pdf,File Open,False,True
03/02/2010 16:14:25,PC-3778,R:\JPH1910\WOC6ZEE9.pdf,File Delete,False,True
03/02/2010 19:17:19,PC-3778,C:\JPH1910\FA7U0D0F.txt,File Open,False,False
03/05/2010 18:57:46,PC-3778,R:\45ZpXY0\AZ2GDU6E.doc,File Copy,False,True
03/09/2010 10:06:07,PC-3778,R:\TW4XD1AI.txt,File Copy,False,True
03/10/2010 14:15:53,PC-3778,R:\17LCBBDX.pdf,File Copy,True,False
03/10/2010 14:18:30,PC-3778,R:\17LCBBDX.pdf,File Delete,False,True
03/10/2010 15:36:36,PC-3778,C:\KGK8L3JM.doc,File Open,False,False
03/10/2010 16:32:29,PC-3778,R:\JPH1910\EGW915Z5.doc,File Delete,False,True
03/13/2010 16:35:45,PC-3778,R:\JFIWWZ24.txt,File Copy,False,True
03/13/2010 16:39:52,PC-3778,R:\JFIWWZ24.txt,File Open,False,True
03/13/2010 16:54:21,PC-3778,R:\JFIWWZ24.txt,File Open,False,True
03/13/2010 16:57:12,PC-3778,R:\JFIWWZ24.txt,File Copy,False,True
03/13/2010 17:13:44,PC-3778,R:\JFIWWZ24.txt,File Delete,False,True
03/17/2010 11:04:10,PC-3778,C:\JPH1910\VCW0EDRC.doc,File Open,False,False
03/17/2010 12:50:17,PC-3778,R:\GS8Q91GZ.doc,File Copy,False,True
03/18/2010 10:05:45,PC-3778,R:\5QWEHI0C.doc,File Copy,True,False
03/18/2010 10:13:48,PC-3778,R:\JPH1910\5QWEHI0C.doc,File Copy,True,False
03/18/2010 11:28:54,PC-3778,R:\JPH1910\P7J4MV4S.jpg,File Open,False,True
03/23/2010 18:12:17,PC-3778,C:\18yrhD0\JYR0SQOT.doc,File Open,False,False
03/23/2010 18:33:51,PC-3778,R:\JPH1910\4TUIG06K.jpg,File Open,False,True
03/24/2010 09:56:20,PC-3778,C:\JPH1910\MMAHJCMW.doc,File Open,False,False
03/25/2010 18:05:57,PC-3778,R:\GMPRBL6L.doc,File Delete,False,True
03/25/2010 18:12:27,PC-3778,R:\45ZpXY0\OBJ5N5ZW.pdf,File Copy,True,False
03/25/2010 18:13:08,PC-3778,R:\45ZpXY0\OBJ5N5ZW.pdf,File Open,False,True
03/25/2010 18:13:26,PC-3778,R:\45ZpXY0\OBJ5N5ZW.pdf,File Copy,False,True
03/27/2010 15:04:12,PC-3778,C:\JPH1910\VCW0EDRC.doc,File Open,False,False
03/27/2010 15:14:10,PC-3778,R:\45ZpXY0\EAA31W9C.doc,File Copy,False,True
03/27/2010 15:36:00,PC-3778,R:\45ZpXY0\EAA31W9C.doc,File Copy,False,True
03/27/2010 15:37:28,PC-3778,R:\OBJ5N5ZW.pdf,File Copy,True,False
03/29/2010 17:07:16,PC-3778,C:\JPH1910\VCW0EDRC.doc,File Open,False,False
03/30/2010 11:26:34,PC-3778,R:\45ZpXY0\OBJ5N5ZW.pdf,File Copy,True,False
03/30/2010 11:29:49,PC-3778,R:\45ZpXY0\OBJ5N5ZW.pdf,File Copy,True,False
03/30/2010 14:36:37,PC-3778,C:\JPH1910\VCW0EDRC.doc,File Open,False,False
04/01/2010 13:33:22,PC-3778,R:\JPH1910\B7L4QX6I.doc,File Delete,False,True
04/01/2010 13:36:34,PC-3778,R:\JPH1910\MS848YP7.doc,File Delete,False,True
04/01/2010 13:39:27,PC-3778,R:\LOVD24OJ.doc,File Delete,False,True
04/01/2010 13:42:48,PC-3778,R:\45ZpXY0\9ALTO06L.doc,File Delete,False,True
04/05/2010 14:11:59,PC-3778,R:\LDRBOTHP.doc,File Copy,False,True
04/05/2010 14:14:49,PC-3778,R:\LDRBOTHP.doc,File Delete,False,True
04/05/2010 14:16:10,PC-3778,R:\583575K9.doc,File Write,True,False
04/05/2010 14:16:14,PC-3778,R:\583575K9.doc,File Delete,False,True
04/06/2010 18:30:23,PC-3778,R:\45ZpXY0\FMJRUKRB.txt,File Delete,False,True
04/06/2010 18:34:11,PC-3778,R:\ISVQGWTA.txt,File Copy,True,False
04/06/2010 18:42:41,PC-3778,R:\ISVQGWTA.txt,File Copy,False,True
04/08/2010 09:31:51,PC-3778,C:\18yrhD0\LBDHPLJE.doc,File Open,False,False
04/08/2010 17:30:10,PC-3778,R:\DPGHWVI0.doc,File Write,True,False
04/13/2010 09:09:53,PC-3778,R:\F95IHI4X.pdf,File Delete,False,True
04/17/2010 17:36:34,PC-3778,R:\JPH1910\CWHXL21V.doc,File Open,False,True
04/19/2010 10:58:45,PC-3778,R:\45ZpXY0\W2561BRS.pdf,File Delete,False,True
04/19/2010 11:07:48,PC-3778,R:\FM2P8YQP.jpg,File Delete,False,True
04/20/2010 09:48:52,PC-3778,R:\RH4OYCQ5.doc,File Open,False,True
04/20/2010 16:12:19,PC-3778,R:\17LCBBDX.pdf,File Copy,True,False
04/21/2010 10:34:07,PC-3778,R:\0J186X69.doc,File Delete,False,True
04/21/2010 10:41:34,PC-3778,R:\JPH1910\X2QKWJLD.doc,File Write,True,False
04/21/2010 10:42:09,PC-3778,R:\JPH1910\X2QKWJLD.doc,File Copy,False,True
04/21/2010 10:48:26,PC-3778,R:\JPH1910\X2QKWJLD.doc,File Write,True,False
04/21/2010 10:50:29,PC-3778,R:\JPH1910\X2QKWJLD.doc,File Delete,False,True
04/24/2010 09:39:05,PC-3778,R:\JPH1910\8KWWFBFL.doc,File Copy,False,True
04/24/2010 09:55:40,PC-3778,R:\JPH1910\8KWWFBFL.doc,File Copy,False,True
04/24/2010 09:56:20,PC-3778,R:\JPH1910\4RCY8R8A.pdf,File Copy,True,False
04/26/2010 10:58:54,PC-3778,R:\LDRBOTHP.doc,File Copy,True,False
04/26/2010 18:50:23,PC-3778,C:\KGK8L3JM.doc,File Open,False,False
04/27/2010 11:18:38,PC-3778,C:\18yrhD0\GNZERKJX.jpg,File Open,False,False
04/30/2010 09:58:25,PC-3778,R:\QFR5TWAD.doc,File Open,False,True
04/30/2010 15:32:27,PC-3778,R:\JPH1910\T91781DF.doc,File Open,False,True
04/30/2010 15:34:54,PC-3778,R:\JPH1910\T91781DF.doc,File Delete,False,True
04/30/2010 15:39:12,PC-3778,C:\S9775IUX.jpg,File Open,False,False
05/03/2010 17:42:38,PC-3778,R:\CZINOG9D.doc,File Open,False,True
05/03/2010 17:56:10,PC-3778,R:\CZINOG9D.doc,File Delete,False,True
05/04/2010 10:42:58,PC-3778,R:\JPH1910\84VA376A.jpg,File Copy,False,True
05/05/2010 11:56:35,PC-3778,R:\JPH1910\1NQGQY1R.pdf,File Copy,False,True
05/08/2010 15:46:21,PC-3778,R:\JPH1910\VS3D3QYA.doc,File Delete,False,True
05/08/2010 18:03:09,PC-3778,R:\JPH1910\AUZ8OB85.doc,File Write,True,False
05/08/2010 18:11:00,PC-3778,R:\45ZpXY0\GPGJL2VE.doc,File Copy,True,False
05/11/2010 13:38:02,PC-3778,C:\KGK8L3JM.doc,File Open,False,False
05/12/2010 16:37:41,PC-3778,C:\KGK8L3JM.doc,File Open,False,False
05/13/2010 16:16:59,PC-3778,R:\OVW0GENF.jpg,File Copy,True,False
05/13/2010 17:33:39,PC-3778,R:\JPH1910\OBJ5N5ZW.pdf,File Copy,True,False
05/13/2010 17:36:23,PC-3778,R:\JPH1910\OBJ5N5ZW.pdf,File Copy,False,True
05/13/2010 19:00:52,PC-3778,C:\S9775IUX.jpg,File Open,False,False
05/19/2010 15:37:03,PC-3778,R:\JPH1910\16I39XLI.pdf,File Copy,False,True
05/19/2010 17:10:11,PC-3778,R:\JPH1910\3973BD3O.zip,File Write,True,False
05/22/2010 15:42:34,PC-3778,R:\3OR66SPH.doc,File Copy,False,True
05/22/2010 15:56:24,PC-3778,R:\45ZpXY0\OBJ5N5ZW.pdf,File Copy,True,False
05/24/2010 11:31:27,PC-3778,R:\PPJA08B3.doc,File Copy,True,False
05/24/2010 15:47:45,PC-3778,R:\JPH1910\HYNAMHNL.pdf,File Copy,False,True
05/24/2010 15:58:48,PC-3778,R:\OBJ5N5ZW.pdf,File Copy,True,False
05/25/2010 15:30:15,PC-3778,C:\JPH1910\FA7U0D0F.txt,File Open,False,False
05/25/2010 15:30:15,PC-3778,R:\45ZpXY0\H7MP1AXC.doc,File Copy,False,True
05/25/2010 15:31:33,PC-3778,C:\JPH1910\MUGQ4ONC.doc,File Open,False,False
05/25/2010 15:34:55,PC-3778,R:\45ZpXY0\H7MP1AXC.doc,File Open,False,True
05/25/2010 15:38:22,PC-3778,C:\JPH1910\MMAHJCMW.doc,File Open,False,False
05/26/2010 15:24:08,PC-3778,R:\45ZpXY0\LJ67QB0L.doc,File Copy,False,True
05/28/2010 12:18:58,PC-3778,R:\BQXAEKN2.doc,File Copy,False,True
05/28/2010 12:19:41,PC-3778,R:\MAXKJZDB.doc,File Copy,True,False
05/28/2010 12:20:14,PC-3778,R:\YV9YSER5.doc,File Copy,True,False
05/28/2010 12:21:05,PC-3778,R:\MAXKJZDB.doc,File Open,False,True
05/28/2010 17:58:34,PC-3778,R:\2NN067KE.doc,File Copy,True,False
05/30/2010 09:14:39,PC-3778,R:\JPH1910\1I5CDFBR.pdf,File Write,True,False
05/30/2010 09:21:03,PC-3778,R:\JPH1910\1I5CDFBR.pdf,File Copy,False,True
05/30/2010 09:46:58,PC-3778,R:\JPH1910\1I5CDFBR.pdf,File Write,True,False
05/30/2010 09:59:38,PC-3778,R:\JPH1910\1I5CDFBR.pdf,File Copy,False,True
06/01/2010 09:35:53,PC-3778,R:\OBJ5N5ZW.pdf,File Copy,True,False
06/01/2010 09:57:25,PC-3778,R:\OBJ5N5ZW.pdf,File Write,True,False
06/01/2010 10:01:03,PC-3778,R:\JPH1910\HJQSQF5O.pdf,File Write,True,False
06/01/2010 10:36:57,PC-3778,C:\S9775IUX.jpg,File Open,False,False
06/01/2010 11:13:32,PC-3778,R:\OBJ5N5ZW.pdf,File Delete,False,True
06/01/2010 11:19:40,PC-3778,R:\45ZpXY0\53SCOM1X.doc,File Copy,False,True
06/02/2010 14:20:40,PC-3778,C:\18yrhD0\GNZERKJX.jpg,File Open,False,False
06/02/2010 14:20:40,PC-3778,C:\18yrhD0\JYR0SQOT.doc,File Open,False,False
06/02/2010 17:32:58,PC-3778,R:\JPH1910\9NAALN7L.pdf,File Delete,False,True
06/02/2010 17:41:05,PC-3778,R:\8JDDADHE.pdf,File Copy,False,True
06/02/2010 17:43:43,PC-3778,R:\8JDDADHE.pdf,File Write,True,False
06/03/2010 10:20:38,PC-3778,R:\XK7FDG3M.zip,File Copy,False,True
06/03/2010 10:22:40,PC-3778,R:\XK7FDG3M.zip,File Open,False,True
06/03/2010 11:35:13,PC-3778,R:\98GMZ0EU.zip,File Open,False,True
06/03/2010 17:24:35,PC-3778,R:\OBJ5N5ZW.pdf,File Copy,True,False
06/05/2010 16:55:23,PC-3778,R:\JPH1910\M9OS53BA.doc,File Write,True,False
06/06/2010 17:17:08,PC-3778,C:\JPH1910\VCW0EDRC.doc,File Open,False,False
06/07/2010 11:55:55,PC-3778,R:\OOH13JXB.doc,File Copy,False,True
06/07/2010 11:58:24,PC-3778,R:\OOH13JXB.doc,File Copy,False,True
06/07/2010 12:06:36,PC-3778,R:\OOH13JXB.doc,File Copy,False,True
06/07/2010 17:46:51,PC-3778,R:\45ZpXY0\MMT5TTD0.txt,File Copy,False,True
06/09/2010 13:22:24,PC-3778,R:\JPH1910\HNDW6LLM.jpg,File Copy,False,True
06/09/2010 13:36:54,PC-3778,R:\RDYOQUGQ.exe,File Copy,True,False
06/11/2010 10:34:27,PC-3778,R:\45ZpXY0\C7PELNAF.jpg,File Copy,False,True
06/11/2010 10:45:37,PC-3778,R:\45ZpXY0\C7PELNAF.jpg,File Write,True,False
06/11/2010 18:38:39,PC-3778,R:\JPH1910\ILPBE7R2.doc,File Copy,False,True
06/11/2010 18:53:40,PC-3778,R:\JPH1910\ILPBE7R2.doc,File Write,True,False
06/12/2010 18:07:17,PC-3778,R:\GKZA2A2R.pdf,File Copy,False,True
06/12/2010 18:38:21,PC-3778,R:\GKZA2A2R.pdf,File Delete,False,True
06/13/2010 12:37:52,PC-3778,R:\45ZpXY0\YKQJLXQP.jpg,File Copy,False,True
06/13/2010 12:43:33,PC-3778,R:\45ZpXY0\YKQJLXQP.jpg,File Open,False,True
06/13/2010 14:39:29,PC-3778,R:\45ZpXY0\YKQJLXQP.jpg,File Write,True,False
06/13/2010 15:02:54,PC-3778,R:\45ZpXY0\YKQJLXQP.jpg,File Write,True,False
06/13/2010 17:36:51,PC-3778,R:\45ZpXY0\YKQJLXQP.jpg,File Delete,False,True
06/15/2010 18:10:21,PC-3778,R:\45ZpXY0\GXRNJ0VP.doc,File Delete,False,True
06/15/2010 18:10:41,PC-3778,R:\45ZpXY0\8K8EJUX1.doc,File Delete,False,True
06/15/2010 18:11:22,PC-3778,R:\4CXHNGQ4.zip,File Delete,False,True
06/15/2010 18:12:02,PC-3778,R:\TPI9B3UQ.doc,File Copy,True,False
06/17/2010 13:19:17,PC-3778,C:\18yrhD0\SY56WWX8.doc,File Open,False,False
06/17/2010 14:14:29,PC-3778,R:\YV9YSER5.doc,File Copy,True,False
06/17/2010 14:26:45,PC-3778,R:\JPH1910\2NN067KE.doc,File Copy,True,False
06/17/2010 14:30:35,PC-3778,R:\YV9YSER5.doc,File Write,True,False
06/17/2010 14:34:45,PC-3778,R:\YV9YSER5.doc,File Open,False,True
06/20/2010 09:28:28,PC-3778,R:\45ZpXY0\0C1490BV.doc,File Write,True,False
06/20/2010 18:37:52,PC-3778,R:\45ZpXY0\0C1490BV.doc,File Delete,False,True
06/22/2010 15:37:47,PC-3778,R:\2MI2P8WD.exe,File Write,True,False
06/22/2010 15:44:07,PC-3778,R:\2MI2P8WD.exe,File Copy,False,True
06/22/2010 15:52:27,PC-3778,R:\2MI2P8WD.exe,File Open,False,True
06/22/2010 15:52:36,PC-3778,R:\45ZpXY0\RDYOQUGQ.exe,File Copy,True,False
06/24/2010 16:32:36,PC-3778,R:\JPH1910\6W3XO60P.doc,File Delete,False,True
06/28/2010 10:45:55,PC-3778,R:\JPH1910\JIU729IJ.doc,File Copy,True,False
06/28/2010 10:46:40,PC-3778,R:\JPH1910\OBJ5N5ZW.pdf,File Copy,True,False
06/28/2010 10:50:03,PC-3778,R:\JPH1910\OBJ5N5ZW.pdf,File Copy,False,True
06/28/2010 10:51:01,PC-3778,R:\JPH1910\OBJ5N5ZW.pdf,File Copy,True,False
06/28/2010 15:40:38,PC-3778,R:\45ZpXY0\A1W21RAN.doc,File Delete,False,True
06/30/2010 18:40:56,PC-3778,R:\JPH1910\C7HF06JC.doc,File Delete,False,True
06/30/2010 19:01:49,PC-3778,R:\JPH1910\PEAQBDQ6.zip,File Open,False,True
07/02/2010 09:53:37,PC-3778,R:\JPH1910\E8MBO1D8.exe,File Open,False,True
07/02/2010 09:57:16,PC-3778,C:\18yrhD0\SY56WWX8.doc,File Open,False,False
07/02/2010 10:20:06,PC-3778,R:\JPH1910\E8MBO1D8.exe,File Write,True,False
07/02/2010 10:20:10,PC-3778,R:\JPH1910\E8MBO1D8.exe,File Open,False,True
07/02/2010 12:13:03,PC-3778,R:\JPH1910\E8MBO1D8.exe,File Write,True,False
07/04/2010 16:22:21,PC-3778,R:\45ZpXY0\4DVB9NNV.doc,File Copy,False,True
07/04/2010 18:08:59,PC-3778,R:\45ZpXY0\EVMGSE2J.doc,File Copy,False,True
07/04/2010 18:27:56,PC-3778,R:\45ZpXY0\EVMGSE2J.doc,File Delete,False,True
07/04/2010 18:40:28,PC-3778,R:\JPH1910\EK1GKMU7.pdf,File Write,True,False
07/04/2010 18:52:15,PC-3778,C:\JPH1910\VCW0EDRC.doc,File Open,False,False
07/05/2010 17:18:50,PC-3778,R:\45ZpXY0\WDXL89IY.doc,File Open,False,True
07/05/2010 17:22:31,PC-3778,R:\45ZpXY0\WDXL89IY.doc,File Delete,False,True
07/05/2010 17:23:11,PC-3778,R:\45ZpXY0\OBJ5N5ZW.pdf,File Copy,True,False
07/05/2010 17:25:28,PC-3778,R:\45ZpXY0\OBJ5N5ZW.pdf,File Open,False,True
07/05/2010 17:26:38,PC-3778,R:\45ZpXY0\OBJ5N5ZW.pdf,File Write,True,False
07/06/2010 11:20:22,PC-3778,R:\JPH1910\FZKWJSL9.doc,File Copy,True,False
07/06/2010 11:36:03,PC-3778,R:\JPH1910\F7DW3N2P.doc,File Copy,True,False
07/06/2010 15:08:02,PC-3778,C:\18yrhD0\LBDHPLJE.doc,File Open,False,False
07/06/2010 15:10:47,PC-3778,C:\18yrhD0\XUZRTHT9.pdf,File Open,False,False
07/06/2010 15:22:11,PC-3778,R:\DLYLVB2U.doc,File Write,True,False
07/11/2010 12:50:25,PC-3778,C:\JPH1910\FA7U0D0F.txt,File Open,False,False
07/11/2010 17:04:17,PC-3778,R:\45ZpXY0\W7AMIOWZ.doc,File Copy,False,True
07/11/2010 17:18:06,PC-3778,C:\KGK8L3JM.doc,File Open,False,False
07/12/2010 11:17:37,PC-3778,R:\JPH1910\OBJ5N5ZW.pdf,File Copy,True,False
07/12/2010 11:22:24,PC-3778,R:\JPH1910\OBJ5N5ZW.pdf,File Delete,False,True
07/12/2010 11:43:54,PC-3778,R:\OBJ5N5ZW.pdf,File Copy,True,False
07/13/2010 13:16:56,PC-3778,R:\0UVCD4WR.doc,File Copy,True,False
07/13/2010 13:46:43,PC-3778,R:\0UVCD4WR.doc,File Delete,False,True
07/13/2010 13:51:30,PC-3778,R:\C3OCK0TD.pdf,File Write,True,False
07/13/2010 13:53:28,PC-3778,R:\C3OCK0TD.pdf,File Write,True,False
07/13/2010 14:08:15,PC-3778,R:\C3OCK0TD.pdf,File Copy,False,True
07/15/2010 10:36:50,PC-3778,R:\8J823UHN.pdf,File Write,True,False
07/15/2010 10:37:18,PC-3778,R:\8J823UHN.pdf,File Write,True,False
07/15/2010 10:44:53,PC-3778,R:\8J823UHN.pdf,File Delete,False,True
07/15/2010 10:47:10,PC-3778,R:\45ZpXY0\XNABMZ0N.doc,File Write,True,False
07/17/2010 11:03:38,PC-3778,C:\S9775IUX.jpg,File Open,False,False
07/18/2010 10:51:29,PC-3778,C:\18yrhD0\JYR0SQOT.doc,File Open,False,False
07/18/2010 14:01:13,PC-3778,R:\JPH1910\ODHZUI7Y.doc,File Copy,False,True
07/18/2010 15:05:17,PC-3778,R:\JPH1910\ODHZUI7Y.doc,File Copy,False,True
07/18/2010 16:54:34,PC-3778,C:\18yrhD0\JYR0SQOT.doc,File Open,False,False
07/18/2010 17:19:44,PC-3778,R:\JPH1910\FVAJ9A6M.doc,File Copy,False,True
07/19/2010 16:05:54,PC-3778,C:\S9775IUX.jpg,File Open,False,False
07/20/2010 18:13:50,PC-3778,C:\S9775IUX.jpg,File Open,False,False
07/21/2010 11:13:17,PC-3778,R:\45ZpXY0\O9OWNNNQ.doc,File Delete,False,True
07/23/2010 14:51:06,PC-3778,C:\JPH1910\VCW0EDRC.doc,File Open,False,False
07/26/2010 11:59:55,PC-3778,R:\JPH1910\ESUV45AF.jpg,File Open,False,True
07/26/2010 12:01:04,PC-3778,C:\JPH1910\FA7U0D0F.txt,File Open,False,False
07/26/2010 12:01:06,PC-3778,R:\JPH1910\ESUV45AF.jpg,File Copy,False,True
07/29/2010 14:47:59,PC-3778,R:\JPH1910\CJELJ4UE.pdf,File Delete,False,True
07/29/2010 14:53:34,PC-3778,R:\45ZpXY0\JIU729IJ.doc,File Copy,True,False
07/30/2010 18:18:51,PC-3778,R:\ADBU5Y1S.doc,File Copy,False,True
08/02/2010 16:30:58,PC-3778,R:\45ZpXY0\DRHMNQD5.jpg,File Open,False,True
08/02/2010 16:31:09,PC-3778,R:\45ZpXY0\DRHMNQD5.jpg,File Open,False,True
08/03/2010 13:16:58,PC-3778,R:\45ZpXY0\E7QNXZUG.pdf,File Copy,False,True
08/03/2010 16:09:31,PC-3778,R:\L2ZS2NCO.txt,File Copy,False,True
08/03/2010 18:12:32,PC-3778,C:\S9775IUX.jpg,File Open,False,False
08/04/2010 10:42:44,PC-3778,R:\45ZpXY0\OVW0GENF.jpg,File Copy,True,False
08/04/2010 10:42:56,PC-3778,R:\45ZpXY0\OVW0GENF.jpg,File Write,True,False
08/04/2010 10:43:19,PC-3778,C:\18yrhD0\LBDHPLJE.doc,File Open,False,False
08/05/2010 17:40:37,PC-3778,R:\JPH1910\ICJD17TK.doc,File Copy,False,True
08/05/2010 17:40:45,PC-3778,R:\JPH1910\ICJD17TK.doc,File Copy,False,True
08/06/2010 10:56:33,PC-3778,C:\KGK8L3JM.doc,File Open,False,False
08/08/2010 09:59:36,PC-3778,C:\18yrhD0\JYR0SQOT.doc,File Open,False,False
08/08/2010 15:24:24,PC-3778,C:\18yrhD0\GNZERKJX.jpg,File Open,False,False
08/08/2010 16:23:06,PC-3778,R:\J1JNJGHW.doc,File Open,False,True
08/08/2010 16:23:51,PC-3778,R:\J1JNJGHW.doc,File Copy,False,True
08/08/2010 16:25:40,PC-3778,C:\18yrhD0\XUZRTHT9.pdf,File Open,False,False
08/08/2010 17:01:19,PC-3778,R:\RQS183YH.doc,File Copy,True,False
08/08/2010 17:02:08,PC-3778,R:\45ZpXY0\RQS183YH.doc,File Copy,True,False
08/13/2010 11:06:12,PC-3778,R:\JPH1910\HHYG4HYX.txt,File Copy,False,True
08/13/2010 11:21:47,PC-3778,R:\SPTCR523.doc,File Copy,True,False
08/13/2010 11:39:11,PC-3778,R:\SPTCR523.doc,File Copy,False,True
08/13/2010 11:44:45,PC-3778,R:\JPH1910\HHYG4HYX.txt,File Open,False,True
08/13/2010 11:44:45,PC-3778,R:\9PS4OA1J.doc,File Copy,True,False
08/15/2010 09:58:53,PC-3778,R:\45ZpXY0\85SQP0G8.doc,File Copy,False,True
08/15/2010 10:07:41,PC-3778,R:\45ZpXY0\85SQP0G8.doc,File Copy,False,True
08/15/2010 10:15:58,PC-3778,R:\45ZpXY0\85SQP0G8.doc,File Write,True,False
08/15/2010 10:38:31,PC-3778,R:\PLCWR2PG.zip,File Copy,True,False
08/16/2010 14:25:02,PC-3778,R:\45ZpXY0\RQS183YH.doc,File Copy,True,False
08/16/2010 14:28:51,PC-3778,R:\45ZpXY0\RQS183YH.doc,File Delete,False,True
08/16/2010 17:34:24,PC-3778,R:\JPH1910\AAAC1XRN.doc,File Copy,False,True
08/16/2010 17:36:36,PC-3778,R:\JPH1910\AAAC1XRN.doc,File Delete,False,True
08/16/2010 17:59:04,PC-3778,R:\H6CE1O20.pdf,File Copy,True,False
08/18/2010 17:20:17,PC-3778,R:\RQS183YH.doc,File Copy,True,False
08/18/2010 17:25:58,PC-3778,R:\45ZpXY0\RDYOQUGQ.exe,File Copy,True,False
08/18/2010 17:30:30,PC-3778,R:\JPH1910\RQS183YH.doc,File Copy,True,False
08/18/2010 17:55:32,PC-3778,R:\45ZpXY0\RDYOQUGQ.exe,File Delete,False,True
08/20/2010 16:41:29,PC-3778,R:\MAXKJZDB.doc,File Copy,True,False
08/20/2010 16:52:01,PC-3778,R:\MAXKJZDB.doc,File Open,False,True
08/20/2010 17:54:06,PC-3778,R:\MAXKJZDB.doc,File Write,True,False
08/23/2010 18:24:44,PC-3778,R:\094WCQGY.doc,File Delete,False,True
08/25/2010 12:27:26,PC-3778,R:\B5BLCSRR.pdf,File Open,False,True
08/25/2010 12:32:04,PC-3778,R:\B5BLCSRR.pdf,File Delete,False,True
08/25/2010 12:35:38,PC-3778,R:\OU9F6YK3.doc,File Write,True,False
08/25/2010 12:42:33,PC-3778,R:\OU9F6YK3.doc,File Delete,False,True
08/27/2010 16:53:52,PC-3778,C:\JPH1910\E2BKJF2M.doc,File Open,False,False
08/31/2010 13:11:26,PC-3778,R:\H6CE1O20.pdf,File Copy,True,False
08/31/2010 17:35:51,PC-3778,R:\H6CE1O20.pdf,File Delete,False,True
09/02/2010 11:06:27,PC-3778,R:\JPH1910\3XUDIPEK.doc,File Copy,False,True
09/03/2010 17:36:35,PC-3778,R:\JPH1910\NQ6VP5YN.doc,File Delete,False,True
09/03/2010 17:39:34,PC-3778,R:\JPH1910\J4GAZ3ZQ.zip,File Open,False,True
09/07/2010 15:00:34,PC-3778,R:\45ZpXY0\VVKVH4L6.zip,File Copy,False,True
09/08/2010 09:42:57,PC-3778,R:\OBJ5N5ZW.pdf,File Copy,True,False
09/08/2010 10:21:53,PC-3778,R:\OBJ5N5ZW.pdf,File Copy,False,True
09/08/2010 11:11:26,PC-3778,R:\OBJ5N5ZW.pdf,File Delete,False,True
09/09/2010 12:20:53,PC-3778,C:\JPH1910\VCW0EDRC.doc,File Open,False,False
09/09/2010 15:01:45,PC-3778,C:\YFWDE0BP.pdf,File Open,False,False
09/13/2010 09:46:52,PC-3778,R:\45ZpXY0\0VVPX35R.jpg,File Copy,True,False
09/13/2010 09:47:56,PC-3778,R:\45ZpXY0\RDYOQUGQ.exe,File Copy,True,False
09/13/2010 10:02:32,PC-3778,R:\45ZpXY0\0VVPX35R.jpg,File Delete,False,True
09/13/2010 10:29:31,PC-3778,R:\0VVPX35R.jpg,File Copy,True,False
09/13/2010 10:31:11,PC-3778,R:\0VVPX35R.jpg,File Copy,False,True
09/14/2010 15:35:55,PC-3778,R:\45ZpXY0\RIXKHX3V.doc,File Write,True,False
09/14/2010 15:41:13,PC-3778,R:\H6CE1O20.pdf,File Copy,True,False
09/14/2010 15:41:20,PC-3778,R:\H6CE1O20.pdf,File Copy,False,True
09/14/2010 15:48:18,PC-3778,R:\45ZpXY0\RIXKHX3V.doc,File Copy,False,True
09/15/2010 15:42:48,PC-3778,R:\45ZpXY0\N7POBIP8.doc,File Write,True,False
09/15/2010 15:44:36,PC-3778,R:\45ZpXY0\N7POBIP8.doc,File Copy,False,True
09/15/2010 15:51:58,PC-3778,R:\45ZpXY0\RDYOQUGQ.exe,File Copy,True,False
09/15/2010 15:52:15,PC-3778,R:\RDYOQUGQ.exe,File Copy,True,False
09/15/2010 15:57:14,PC-3778,R:\RDYOQUGQ.exe,File Delete,False,True
09/17/2010 09:16:34,PC-3778,C:\18yrhD0\LBDHPLJE.doc,File Open,False,False
09/17/2010 09:21:16,PC-3778,C:\18yrhD0\XUZRTHT9.pdf,File Open,False,False
09/17/2010 11:31:52,PC-3778,R:\JPH1910\VW5JBN0Q.doc,File Copy,False,True
09/17/2010 11:31:56,PC-3778,R:\JPH1910\VW5JBN0Q.doc,File Open,False,True
09/17/2010 11:31:59,PC-3778,R:\XW5DZ4IW.doc,File Copy,True,False
09/17/2010 11:32:06,PC-3778,R:\JPH1910\VW5JBN0Q.doc,File Write,True,False
09/17/2010 11:32:08,PC-3778,R:\FZKWJSL9.doc,File Copy,True,False
09/21/2010 14:02:05,PC-3778,R:\45ZpXY0\58L2943O.doc,File Copy,False,True
09/21/2010 14:05:07,PC-3778,R:\45ZpXY0\58L2943O.doc,File Delete,False,True
09/24/2010 15:53:37,PC-3778,C:\JPH1910\FA7U0D0F.txt,File Open,False,False
09/27/2010 18:01:33,PC-3778,R:\45ZpXY0\IB95ED1U.pdf,File Copy,True,False
09/27/2010 18:14:08,PC-3778,R:\45ZpXY0\IB95ED1U.pdf,File Copy,False,True
09/28/2010 18:13:32,PC-3778,R:\45ZpXY0\4WVEOF7K.doc,File Copy,False,True
09/29/2010 09:26:16,PC-3778,R:\JPH1910\XEJA3MV0.doc,File Open,False,True
09/30/2010 10:09:27,PC-3778,R:\45ZpXY0\OBJ5N5ZW.pdf,File Copy,True,False
09/30/2010 10:19:01,PC-3778,R:\45ZpXY0\OBJ5N5ZW.pdf,File Open,False,True
09/30/2010 10:25:24,PC-3778,R:\OBJ5N5ZW.pdf,File Copy,True,False
10/01/2010 09:32:11,PC-3778,R:\JPH1910\JVTWDOB0.doc,File Delete,False,True
10/01/2010 09:44:36,PC-3778,R:\TPI9B3UQ.doc,File Copy,True,False
10/01/2010 09:53:20,PC-3778,R:\59OI39D9.txt,File Copy,True,False
10/04/2010 12:25:05,PC-3778,R:\JPH1910\41XUPPP1.pdf,File Delete,False,True
10/13/2010 12:27:46,PC-3778,R:\SLI106FB.doc,File Delete,False,True
10/13/2010 12:28:31,PC-3778,R:\JPH1910\OBJ5N5ZW.pdf,File Copy,True,False
10/13/2010 12:30:04,PC-3778,R:\JPH1910\OBJ5N5ZW.pdf,File Copy,False,True
10/13/2010 12:35:42,PC-3778,R:\JPH1910\OBJ5N5ZW.pdf,File Copy,False,True
10/13/2010 12:50:13,PC-3778,R:\JPH1910\OBJ5N5ZW.pdf,File Copy,False,True
10/14/2010 10:18:38,PC-3778,R:\45ZpXY0\QRH58LV4.doc,File Delete,False,True
10/15/2010 17:09:44,PC-3778,R:\JPH1910\OBJ5N5ZW.pdf,File Copy,True,False
10/15/2010 17:20:34,PC-3778,R:\JPH1910\OBJ5N5ZW.pdf,File Delete,False,True
10/17/2010 17:21:34,PC-3778,R:\45ZpXY0\8WFGYSC8.doc,File Copy,False,True
10/21/2010 10:01:44,PC-3778,R:\V75FHIVS.pdf,File Delete,False,True
10/21/2010 10:33:44,PC-3778,R:\45ZpXY0\BVAVDOAH.jpg,File Copy,False,True
10/21/2010 11:01:40,PC-3778,R:\JPH1910\YV9YSER5.doc,File Copy,True,False
10/25/2010 11:33:39,PC-3778,C:\18yrhD0\GNZERKJX.jpg,File Open,False,False
10/25/2010 11:54:13,PC-3778,R:\45ZpXY0\QW64YZPQ.pdf,File Delete,False,True
10/27/2010 17:50:11,PC-3778,R:\JPH1910\33VXNSKO.doc,File Delete,False,True
10/29/2010 18:06:12,PC-3778,R:\45ZpXY0\CISDMJQT.pdf,File Delete,False,True
10/29/2010 18:13:55,PC-3778,R:\JPH1910\UOET17L5.doc,File Delete,False,True
10/29/2010 18:20:48,PC-3778,R:\R818QJNN.pdf,File Copy,False,True
11/01/2010 14:56:53,PC-3778,R:\JPH1910\01N5I8IV.txt,File Copy,False,True
11/01/2010 14:57:01,PC-3778,R:\JPH1910\01N5I8IV.txt,File Delete,False,True
11/01/2010 14:57:18,PC-3778,R:\JPH1910\FBR3BK18.doc,File Write,True,False
11/01/2010 15:00:09,PC-3778,R:\45ZpXY0\H6CE1O20.pdf,File Copy,True,False
11/02/2010 12:52:30,PC-3778,R:\JPH1910\ZS1A4JEG.doc,File Copy,False,True
11/02/2010 13:02:06,PC-3778,C:\18yrhD0\SY56WWX8.doc,File Open,False,False
11/03/2010 15:31:08,PC-3778,R:\JPH1910\52ZILG6Q.doc,File Delete,False,True
11/03/2010 15:35:20,PC-3778,R:\A7K9AMIS.doc,File Copy,False,True
11/03/2010 15:52:26,PC-3778,R:\JPH1910\RDYOQUGQ.exe,File Copy,True,False
11/03/2010 16:12:22,PC-3778,R:\XCNOV6LB.doc,File Write,True,False
11/03/2010 16:15:55,PC-3778,R:\JPH1910\RDYOQUGQ.exe,File Open,False,True
11/03/2010 16:19:27,PC-3778,R:\JPH1910\RDYOQUGQ.exe,File Delete,False,True
11/11/2010 14:21:30,PC-3778,R:\45ZpXY0\4RCY8R8A.pdf,File Copy,True,False
11/11/2010 14:21:36,PC-3778,C:\18yrhD0\SY56WWX8.doc,File Open,False,False
11/11/2010 14:22:50,PC-3778,R:\45ZpXY0\4RCY8R8A.pdf,File Open,False,True
11/11/2010 14:25:35,PC-3778,R:\RDYOQUGQ.exe,File Copy,True,False
11/11/2010 14:25:40,PC-3778,R:\45ZpXY0\4RCY8R8A.pdf,File Copy,False,True
11/15/2010 11:44:56,PC-3778,R:\JPH1910\5HSOAVAT.doc,File Delete,False,True
11/15/2010 11:46:00,PC-3778,R:\W5266AQ0.doc,File Write,True,False
11/15/2010 12:23:45,PC-3778,R:\45ZpXY0\W3O1QF7Y.doc,File Copy,False,True
11/15/2010 12:23:50,PC-3778,R:\45ZpXY0\W3O1QF7Y.doc,File Open,False,True
11/15/2010 12:24:03,PC-3778,R:\45ZpXY0\W3O1QF7Y.doc,File Delete,False,True
11/16/2010 11:48:26,PC-3778,C:\JPH1910\E2BKJF2M.doc,File Open,False,False
11/17/2010 16:50:37,PC-3778,R:\QA6YJDSW.zip,File Copy,False,True
11/17/2010 17:00:35,PC-3778,R:\QA6YJDSW.zip,File Copy,False,True
11/17/2010 17:02:07,PC-3778,R:\QA6YJDSW.zip,File Open,False,True
11/17/2010 17:25:55,PC-3778,C:\S9775IUX.jpg,File Open,False,False
11/17/2010 18:06:11,PC-3778,R:\QA6YJDSW.zip,File Open,False,True
11/19/2010 16:26:04,PC-3778,C:\S9775IUX.jpg,File Open,False,False
11/20/2010 12:48:24,PC-3778,R:\45ZpXY0\XNONR7E0.doc,File Copy,False,True
11/20/2010 18:12:53,PC-3778,R:\45ZpXY0\XNONR7E0.doc,File Copy,False,True
11/20/2010 18:15:13,PC-3778,R:\45ZpXY0\XNONR7E0.doc,File Copy,False,True
12/01/2010 10:28:07,PC-3778,R:\TKU0X45S.doc,File Copy,False,True
12/03/2010 16:54:55,PC-3778,C:\KGK8L3JM.doc,File Open,False,False
12/05/2010 12:44:15,PC-3778,R:\YV9YSER5.doc,File Copy,True,False
12/05/2010 12:54:36,PC-3778,R:\YV9YSER5.doc,File Copy,False,True
12/05/2010 12:57:06,PC-3778,R:\YV9YSER5.doc,File Delete,False,True
12/05/2010 12:57:11,PC-3778,R:\JPH1910\YV9YSER5.doc,File Copy,True,False
12/06/2010 11:57:21,PC-3778,R:\45ZpXY0\FMARBT0F.pdf,File Write,True,False
12/06/2010 14:52:42,PC-3778,R:\SNNYMDC8.jpg,File Delete,False,True
12/06/2010 16:21:27,PC-3778,R:\OTXTOG93.doc,File Delete,False,True
12/06/2010 16:22:14,PC-3778,R:\45ZpXY0\RQ1Y0QFD.doc,File Copy,False,True
12/06/2010 16:22:31,PC-3778,R:\45ZpXY0\RQ1Y0QFD.doc,File Delete,False,True
12/07/2010 19:00:21,PC-3778,R:\45ZpXY0\OBJ5N5ZW.pdf,File Copy,True,False
12/07/2010 19:02:44,PC-3778,R:\45ZpXY0\OBJ5N5ZW.pdf,File Delete,False,True
12/09/2010 12:06:34,PC-3778,R:\45ZpXY0\LUGOB9DH.zip,File Copy,False,True
12/09/2010 12:08:59,PC-3778,R:\45ZpXY0\LUGOB9DH.zip,File Delete,False,True
12/09/2010 12:14:50,PC-3778,R:\OFET0X0O.doc,File Copy,True,False
12/09/2010 12:17:33,PC-3778,R:\JPH1910\OFET0X0O.doc,File Copy,True,False
12/09/2010 12:21:01,PC-3778,R:\OFET0X0O.doc,File Copy,False,True
12/12/2010 12:56:16,PC-3778,C:\JPH1910\MUGQ4ONC.doc,File Open,False,False
12/12/2010 16:12:03,PC-3778,R:\9HM2Q6UA.doc,File Copy,False,True
12/13/2010 12:56:39,PC-3778,R:\CM8Z3JEZ.jpg,File Delete,False,True
12/13/2010 13:06:47,PC-3778,R:\JPH1910\YV9YSER5.doc,File Copy,True,False
12/14/2010 17:15:20,PC-3778,R:\MOK7EF4Y.doc,File Open,False,True
12/14/2010 17:37:24,PC-3778,C:\18yrhD0\GNZERKJX.jpg,File Open,False,False
12/14/2010 17:38:26,PC-3778,R:\MOK7EF4Y.doc,File Write,True,False
12/14/2010 17:39:19,PC-3778,R:\MOK7EF4Y.doc,File Open,False,True
12/20/2010 14:49:13,PC-3778,C:\18yrhD0\QUZVS3EN.doc,File Open,False,False
12/20/2010 14:51:32,PC-3778,R:\0VVPX35R.jpg,File Copy,True,False
12/20/2010 14:53:50,PC-3778,R:\0VVPX35R.jpg,File Open,False,True
12/20/2010 14:56:14,PC-3778,R:\0VVPX35R.jpg,File Write,True,False
12/22/2010 12:28:46,PC-3778,C:\JPH1910\MMAHJCMW.doc,File Open,False,False
12/25/2010 16:42:25,PC-3778,R:\45ZpXY0\ES6JSU0C.pdf,File Copy,False,True
12/26/2010 13:35:41,PC-3778,R:\JPH1910\4L2GKKMJ.zip,File Delete,False,True
12/26/2010 13:49:28,PC-3778,R:\JPH1910\6JKR5D1Z.doc,File Delete,False,True
12/27/2010 16:47:44,PC-3778,R:\45ZpXY0\5R9W29H9.doc,File Copy,False,True
12/28/2010 18:09:25,PC-3778,C:\JPH1910\VCW0EDRC.doc,File Open,False,False
12/29/2010 14:16:49,PC-3778,R:\45ZpXY0\Q1QSOEEM.doc,File Delete,False,True
12/29/2010 16:55:51,PC-3778,C:\JPH1910\FA7U0D0F.txt,File Open,False,False
12/29/2010 18:11:10,PC-3778,R:\JPH1910\1VJETUJD.doc,File Write,True,False
12/29/2010 18:17:21,PC-3778,R:\JPH1910\1VJETUJD.doc,File Delete,False,True
12/29/2010 18:18:47,PC-3778,R:\070NU9QA.doc,File Delete,False,True
12/30/2010 11:22:08,PC-3778,R:\JPH1910\RQS183YH.doc,File Copy,True,False
12/30/2010 11:23:21,PC-3778,R:\JPH1910\RQS183YH.doc,File Copy,False,True
12/30/2010 11:34:09,PC-3778,R:\JPH1910\RQS183YH.doc,File Open,False,True
12/30/2010 11:35:32,PC-3778,R:\JPH1910\RQS183YH.doc,File Delete,False,True
12/30/2010 11:36:11,PC-3778,R:\45ZpXY0\6EKVHFN0.pdf,File Write,True,False
01/03/2011 09:46:30,PC-3778,R:\JPH1910\H6CE1O20.pdf,File Copy,True,False
01/03/2011 09:49:34,PC-3778,C:\JPH1910\MUGQ4ONC.doc,File Open,False,False
01/03/2011 10:18:56,PC-3778,R:\H6CE1O20.pdf,File Copy,True,False
01/03/2011 10:29:33,PC-3778,R:\SRWKI8OD.exe,File Copy,True,False
01/04/2011 18:24:36,PC-3778,R:\45ZpXY0\ZUFR81IP.txt,File Copy,False,True
01/04/2011 18:37:42,PC-3778,C:\18yrhD0\JYR0SQOT.doc,File Open,False,False
01/06/2011 14:32:00,PC-3778,R:\6DYQTWKR.doc,File Delete,False,True
01/07/2011 10:53:50,PC-3778,R:\JPH1910\YNGXMER3.doc,File Write,True,False
01/07/2011 10:56:09,PC-3778,R:\45ZpXY0\OBJ5N5ZW.pdf,File Copy,True,False
01/07/2011 11:06:22,PC-3778,R:\JPH1910\YNGXMER3.doc,File Delete,False,True
01/07/2011 11:06:48,PC-3778,R:\45ZpXY0\OBJ5N5ZW.pdf,File Write,True,False
01/07/2011 11:11:39,PC-3778,R:\JPH1910\H6CE1O20.pdf,File Copy,True,False
01/10/2011 11:40:06,PC-3778,R:\45ZpXY0\3RDPKGUN.doc,File Open,False,True
01/10/2011 11:40:41,PC-3778,R:\45ZpXY0\3RDPKGUN.doc,File Delete,False,True
01/11/2011 18:26:32,PC-3778,C:\KGK8L3JM.doc,File Open,False,False
01/13/2011 13:29:52,PC-3778,R:\45ZpXY0\6F6N9P3L.pdf,File Write,True,False
01/13/2011 13:41:49,PC-3778,R:\45ZpXY0\RDYOQUGQ.exe,File Copy,True,False
01/13/2011 13:44:28,PC-3778,R:\4RCY8R8A.pdf,File Copy,True,False
01/13/2011 16:01:07,PC-3778,R:\45ZpXY0\RDYOQUGQ.exe,File Delete,False,True
01/14/2011 13:37:04,PC-3778,R:\45ZpXY0\J3VXQ3ZX.doc,File Copy,False,True
01/14/2011 18:31:50,PC-3778,R:\8JHOWJI1.doc,File Copy,False,True
01/14/2011 18:31:55,PC-3778,R:\8JHOWJI1.doc,File Delete,False,True
01/20/2011 10:57:28,PC-3778,C:\JPH1910\MUGQ4ONC.doc,File Open,False,False
01/20/2011 16:41:51,PC-3778,R:\5QWEHI0C.doc,File Copy,True,False
01/20/2011 17:25:02,PC-3778,R:\5QWEHI0C.doc,File Copy,False,True
01/23/2011 16:12:48,PC-3778,R:\45ZpXY0\0Q5K33C4.doc,File Copy,False,True
01/25/2011 10:44:32,PC-3778,R:\JPH1910\ZYWPT7JM.doc,File Copy,False,True
01/25/2011 18:57:26,PC-3778,R:\JPH1910\ZYWPT7JM.doc,File Delete,False,True
01/25/2011 19:00:42,PC-3778,R:\45ZpXY0\K5F593HI.doc,File Delete,False,True
01/25/2011 19:04:56,PC-3778,C:\JPH1910\MUGQ4ONC.doc,File Open,False,False
01/27/2011 15:11:47,PC-3778,R:\PZAASSGW.doc,File Write,True,False
01/27/2011 18:25:23,PC-3778,R:\PZAASSGW.doc,File Open,False,True
01/31/2011 09:31:18,PC-3778,R:\NKOL949T.doc,File Copy,False,True
01/31/2011 09:31:29,PC-3778,R:\JPH1910\RDYOQUGQ.exe,File Copy,True,False
01/31/2011 09:31:40,PC-3778,R:\JPH1910\RDYOQUGQ.exe,File Copy,False,True
02/02/2011 10:18:43,PC-3778,R:\JPH1910\4S65FRQT.doc,File Delete,False,True
02/02/2011 18:59:50,PC-3778,R:\JPH1910\WWMQ2PJL.doc,File Delete,False,True
02/02/2011 19:08:36,PC-3778,R:\45ZpXY0\4RCY8R8A.pdf,File Copy,True,False
02/04/2011 10:39:34,PC-3778,R:\45ZpXY0\PTA328G8.doc,File Write,True,False
02/04/2011 11:38:28,PC-3778,R:\45ZpXY0\PTA328G8.doc,File Delete,False,True
02/07/2011 09:57:41,PC-3778,R:\45ZpXY0\R9LCBPL7.pdf,File Write,True,False
02/07/2011 18:29:03,PC-3778,R:\BVUYZ4WG.doc,File Copy,False,True
02/07/2011 18:50:04,PC-3778,R:\BVUYZ4WG.doc,File Write,True,False
02/09/2011 09:46:41,PC-3778,C:\JPH1910\MUGQ4ONC.doc,File Open,False,False
02/09/2011 12:45:53,PC-3778,R:\JPH1910\OBJ5N5ZW.pdf,File Copy,True,False
02/09/2011 16:37:34,PC-3778,R:\O6YJJWDD.pdf,File Copy,True,False
02/09/2011 16:37:48,PC-3778,R:\49UVKCAZ.doc,File Copy,True,False
02/10/2011 10:34:50,PC-3778,R:\OBJ5N5ZW.pdf,File Copy,True,False
02/10/2011 12:16:37,PC-3778,C:\18yrhD0\JYR0SQOT.doc,File Open,False,False
02/10/2011 16:45:13,PC-3778,C:\18yrhD0\JYR0SQOT.doc,File Open,False,False
02/11/2011 09:29:42,PC-3778,R:\45ZpXY0\0VVPX35R.jpg,File Copy,True,False
02/11/2011 12:31:05,PC-3778,R:\MAXKJZDB.doc,File Copy,True,False
02/11/2011 12:32:29,PC-3778,R:\TPI9B3UQ.doc,File Copy,True,False
02/11/2011 12:32:38,PC-3778,C:\JPH1910\VCW0EDRC.doc,File Open,False,False
02/11/2011 17:07:48,PC-3778,R:\45ZpXY0\2NN067KE.doc,File Copy,True,False
02/14/2011 18:48:53,PC-3778,R:\4RCY8R8A.pdf,File Copy,True,False
02/14/2011 18:53:53,PC-3778,R:\45ZpXY0\4RCY8R8A.pdf,File Copy,True,False
02/15/2011 10:14:08,PC-3778,R:\JPH1910\WGON4ZEH.doc,File Write,True,False
02/16/2011 15:17:40,PC-3778,C:\JPH1910\VCW0EDRC.doc,File Open,False,False
02/16/2011 15:46:25,PC-3778,R:\RQS183YH.doc,File Copy,True,False
02/16/2011 18:36:36,PC-3778,C:\KGK8L3JM.doc,File Open,False,False
02/17/2011 09:13:20,PC-3778,R:\JPH1910\4RCY8R8A.pdf,File Copy,True,False
02/17/2011 11:47:16,PC-3778,R:\45ZpXY0\H6CE1O20.pdf,File Copy,True,False
02/17/2011 13:14:02,PC-3778,R:\2NN067KE.doc,File Copy,True,False
02/17/2011 13:20:45,PC-3778,R:\45ZpXY0\MAXKJZDB.doc,File Copy,True,False
02/17/2011 13:22:45,PC-3778,R:\JPH1910\2NN067KE.doc,File Copy,True,False
02/18/2011 18:56:27,PC-3778,C:\JPH1910\FA7U0D0F.txt,File Open,False,False
02/21/2011 10:01:07,PC-3778,R:\45ZpXY0\OBJ5N5ZW.pdf,File Copy,True,False
02/21/2011 10:01:14,PC-3778,R:\45ZpXY0\OBJ5N5ZW.pdf,File Copy,True,False
02/21/2011 10:01:20,PC-3778,R:\OBJ5N5ZW.pdf,File Copy,True,False
02/21/2011 10:01:29,PC-3778,R:\45ZpXY0\OBJ5N5ZW.pdf,File Copy,True,False
02/21/2011 11:20:46,PC-3778,C:\S9775IUX.jpg,File Open,False,False
02/21/2011 11:31:44,PC-3778,R:\JPH1910\5QWEHI0C.doc,File Copy,True,False
02/21/2011 11:51:46,PC-3778,R:\JPH1910\0YDLMLJV.doc,File Copy,True,False
02/21/2011 14:07:59,PC-3778,R:\JPH1910\RQS183YH.doc,File Copy,True,False
02/21/2011 14:15:18,PC-3778,R:\45ZpXY0\THACG280.pdf,File Copy,True,False
02/21/2011 17:00:39,PC-3778,R:\JPH1910\OBJ5N5ZW.pdf,File Copy,True,False
02/21/2011 17:28:13,PC-3778,R:\JPH1910\H6CE1O20.pdf,File Copy,True,False
02/21/2011 18:05:59,PC-3778,R:\JPH1910\OBJ5N5ZW.pdf,File Copy,True,False
02/21/2011 18:15:14,PC-3778,C:\18yrhD0\JYR0SQOT.doc,File Open,False,False
02/22/2011 09:47:39,PC-3778,R:\O6YJJWDD.pdf,File Copy,True,False
02/22/2011 11:08:39,PC-3778,R:\F7DW3N2P.doc,File Copy,True,False
02/22/2011 13:23:28,PC-3778,C:\JPH1910\MMAHJCMW.doc,File Open,False,False
02/22/2011 14:16:35,PC-3778,R:\45ZpXY0\OVW0GENF.jpg,File Copy,True,False
02/22/2011 14:21:31,PC-3778,R:\JPH1910\OVW0GENF.jpg,File Copy,True,False
02/22/2011 14:22:41,PC-3778,R:\5QWEHI0C.doc,File Copy,True,False
02/22/2011 15:18:06,PC-3778,R:\45ZpXY0\OBJ5N5ZW.pdf,File Copy,True,False
02/22/2011 16:27:56,PC-3778,R:\JPH1910\OBJ5N5ZW.pdf,File Copy,True,False
02/22/2011 18:04:50,PC-3778,R:\45ZpXY0\OBJ5N5ZW.pdf,File Copy,True,False
02/23/2011 09:52:02,PC-3778,C:\18yrhD0\SY56WWX8.doc,File Open,False,False
02/23/2011 10:43:20,PC-3778,R:\JPH1910\5QWEHI0C.doc,File Copy,True,False
02/23/2011 10:44:34,PC-3778,R:\45ZpXY0\RDYOQUGQ.exe,File Copy,True,False
02/23/2011 15:12:21,PC-3778,R:\45ZpXY0\0VVPX35R.jpg,File Copy,True,False
02/23/2011 17:17:51,PC-3778,R:\JPH1910\OVW0GENF.jpg,File Copy,True,False
02/24/2011 10:15:21,PC-3778,R:\45ZpXY0\OBJ5N5ZW.pdf,File Copy,True,False
02/24/2011 12:00:28,PC-3778,R:\SRWKI8OD.exe,File Copy,True,False
02/24/2011 14:31:01,PC-3778,R:\JPH1910\SRWKI8OD.exe,File Copy,True,False
02/24/2011 14:48:59,PC-3778,R:\45ZpXY0\OBJ5N5ZW.pdf,File Copy,True,False
02/24/2011 17:35:54,PC-3778,R:\45ZpXY0\5QWEHI0C.doc,File Copy,True,False
02/24/2011 17:47:22,PC-3778,R:\5QWEHI0C.doc,File Copy,True,False
02/24/2011 17:52:19,PC-3778,R:\JPH1910\PPJA08B3.doc,File Copy,True,False
02/24/2011 17:53:13,PC-3778,R:\5QWEHI0C.doc,File Copy,True,False
02/24/2011 18:24:59,PC-3778,C:\S9775IUX.jpg,File Open,False,False
02/25/2011 09:52:47,PC-3778,R:\JPH1910\OBJ5N5ZW.pdf,File Copy,True,False
02/25/2011 09:53:40,PC-3778,R:\JPH1910\OBJ5N5ZW.pdf,File Copy,True,False
02/25/2011 09:58:01,PC-3778,R:\45ZpXY0\OBJ5N5ZW.pdf,File Copy,True,False
02/25/2011 12:13:23,PC-3778,R:\OFET0X0O.doc,File Copy,True,False
02/25/2011 19:08:15,PC-3778,R:\JPH1910\OBJ5N5ZW.pdf,File Copy,True,False
03/01/2011 11:53:42,PC-3778,R:\JPH1910\59OI39D9.txt,File Copy,True,False
03/01/2011 15:33:55,PC-3778,R:\JPH1910\YV9YSER5.doc,File Copy,True,False
03/01/2011 15:43:14,PC-3778,R:\YV9YSER5.doc,File Copy,True,False
03/01/2011 15:50:58,PC-3778,R:\TPI9B3UQ.doc,File Copy,True,False
03/03/2011 11:35:04,PC-3778,R:\45ZpXY0\0VVPX35R.jpg,File Copy,True,False
03/03/2011 16:05:53,PC-3778,R:\OBJ5N5ZW.pdf,File Copy,True,False
03/03/2011 16:07:20,PC-3778,C:\JPH1910\MUGQ4ONC.doc,File Open,False,False
03/04/2011 11:11:36,PC-3778,R:\JPH1910\SPTCR523.doc,File Copy,True,False
03/04/2011 11:34:12,PC-3778,R:\9PS4OA1J.doc,File Copy,True,False
03/04/2011 16:44:38,PC-3778,R:\45ZpXY0\OFET0X0O.doc,File Copy,True,False
03/04/2011 16:54:55,PC-3778,R:\PPJA08B3.doc,File Copy,True,False
03/07/2011 11:24:36,PC-3778,C:\S9775IUX.jpg,File Open,False,False
03/07/2011 13:01:00,PC-3778,R:\JPH1910\SRWKI8OD.exe,File Copy,True,False
